Model,Accuracy,F1 Score,MSE,ROC AUC
Random Forest,0.9044038668098818,0.7703649096940656,0.09559613319011816,0.9274424063492712
Tuned Random Forest,0.9044038668098818,0.7703649096940656,0.09559613319011816,0.9274424063492712
